order_id,order_date,sku,color,size,unit_price,quantity,revenue,year,month,day,weekday
1,2022-06-01 16:05:00,708,Dark Blue,2XL,298,1,298,2022,6,1,Wednesday
1,2022-06-01 16:05:00,89,Dark Blue,2XL,258,1,258,2022,6,1,Wednesday
2,2022-06-10 17:03:00,bobo,Cream,One Size,228,1,228,2022,6,10,Friday
3,2022-06-10 19:59:00,799,Dark Blue,XL,264,1,264,2022,6,10,Friday
4,2022-06-11 11:42:00,799,Dark Blue,M,264,1,264,2022,6,11,Saturday
5,2022-06-11 14:46:00,799,Dark Blue,XL,264,1,264,2022,6,11,Saturday
6,2022-06-11 19:23:00,799,Dark Blue,XL,264,1,264,2022,6,11,Saturday
7,2022-06-11 19:54:00,708,Dark Blue,3XL,278,1,278,2022,6,11,Saturday
8,2022-06-11 21:09:00,708,Dark Blue,XL,278,1,278,2022,6,11,Saturday
9,2022-06-11 22:53:00,239,Black,Unknown,258,1,258,2022,6,11,Saturday
10,2022-06-12 17:32:00,708,Dark Blue,XL,278,1,278,2022,6,12,Sunday
11,2022-06-12 21:16:00,708,Dark Blue,3XL,278,1,278,2022,6,12,Sunday
12,2022-06-12 08:47:00,708,Dark Blue,3XL,278,1,278,2022,6,12,Sunday
13,2022-06-13 10:11:00,799,Dark Blue,XL,264,1,264,2022,6,13,Monday
14,2022-06-14 00:07:00,799,Dark Blue,M,264,1,264,2022,6,14,Tuesday
15,2022-06-14 14:38:00,bobo,Navy Blue,One Size,228,1,228,2022,6,14,Tuesday
15,2022-06-14 14:38:00,bobo,Blue,One Size,228,1,228,2022,6,14,Tuesday
15,2022-06-14 14:38:00,bobo,Light Gray,One Size,228,1,228,2022,6,14,Tuesday
16,2022-06-14 22:31:00,708,Dark Blue,XL,278,1,278,2022,6,14,Tuesday
17,2022-06-15 10:46:00,708,Dark Blue,2XL,278,1,278,2022,6,15,Wednesday
18,2022-06-15 13:36:00,77,B,Unknown,258,1,258,2022,6,15,Wednesday
18,2022-06-15 13:36:00,77,C,Unknown,258,1,258,2022,6,15,Wednesday
18,2022-06-15 13:36:00,77,D,Unknown,258,1,258,2022,6,15,Wednesday
18,2022-06-15 13:36:00,77,E,Unknown,258,1,258,2022,6,15,Wednesday
18,2022-06-15 13:36:00,77,A,Unknown,288,1,288,2022,6,15,Wednesday
19,2022-06-15 20:42:00,799,Dark Blue,XL,264,1,264,2022,6,15,Wednesday
20,2022-06-15 21:22:00,799,Dark Blue,XL,264,1,264,2022,6,15,Wednesday
21,2022-06-15 05:50:00,799,Dark Blue,XL,264,1,264,2022,6,15,Wednesday
22,2022-06-15 07:30:00,799,Dark Blue,XL,264,1,264,2022,6,15,Wednesday
23,2022-06-16 20:12:00,799,Dark Blue,L,264,1,264,2022,6,16,Thursday
24,2022-06-16 07:47:00,708,Dark Blue,3XL,278,1,278,2022,6,16,Thursday
25,2022-06-17 10:57:00,708,Dark Blue,3XL,278,1,278,2022,6,17,Friday
26,2022-06-18 11:31:00,708,Dark Blue,3XL,278,1,278,2022,6,18,Saturday
27,2022-06-18 19:51:00,708,Dark Blue,XL,278,1,278,2022,6,18,Saturday
28,2022-06-18 20:13:00,708,Dark Blue,3XL,278,1,278,2022,6,18,Saturday
29,2022-06-18 08:36:00,897,Mid Wash,L,268,1,268,2022,6,18,Saturday
29,2022-06-18 08:36:00,708,Dark Blue,XL,278,1,278,2022,6,18,Saturday
30,2022-06-19 13:41:00,708,Dark Blue,2XL,278,1,278,2022,6,19,Sunday
31,2022-06-19 09:44:00,799,Dark Blue,XL,264,1,264,2022,6,19,Sunday
32,2022-06-02 12:57:00,799,Dark Blue,XL,288,1,288,2022,6,2,Thursday
33,2022-06-20 17:55:00,708,Dark Blue,3XL,278,1,278,2022,6,20,Monday
34,2022-06-21 10:20:00,708,Dark Blue,XL,278,1,278,2022,6,21,Tuesday
35,2022-06-21 10:44:00,708,Dark Blue,XL,278,1,278,2022,6,21,Tuesday
36,2022-06-21 07:00:00,799,Dark Blue,L,264,1,264,2022,6,21,Tuesday
37,2022-06-22 17:45:00,9699,Light Blue,One Size,288,1,288,2022,6,22,Wednesday
37,2022-06-22 17:45:00,799,Dark Blue,XL,264,1,264,2022,6,22,Wednesday
38,2022-06-23 13:08:00,708,Dark Blue,XL,278,1,278,2022,6,23,Thursday
39,2022-06-23 15:24:00,708,Dark Blue,XL,278,1,278,2022,6,23,Thursday
40,2022-06-23 17:35:00,127,Dark Wash,One Size,238,1,238,2022,6,23,Thursday
41,2022-06-24 13:23:00,708,Dark Blue,XL,278,1,278,2022,6,24,Friday
42,2022-06-24 14:13:00,708,Dark Blue,3XL,278,1,278,2022,6,24,Friday
43,2022-06-24 16:43:00,708,Dark Blue,3XL,278,1,278,2022,6,24,Friday
44,2022-06-24 06:47:00,897,Dark Wash,XL,268,1,268,2022,6,24,Friday
44,2022-06-24 06:47:00,89,Dark Blue,3XL,258,1,258,2022,6,24,Friday
45,2022-06-25 12:33:00,708,Dark Blue,3XL,298,1,298,2022,6,25,Saturday
46,2022-06-25 20:47:00,799,Dark Blue,M,288,1,288,2022,6,25,Saturday
47,2022-06-26 00:33:00,9699,Light Blue,One Size,288,1,288,2022,6,26,Sunday
48,2022-06-26 21:58:00,1719,Thin Blue,One Size,268,1,268,2022,6,26,Sunday
48,2022-06-26 21:58:00,127,Mid Wash,One Size,238,1,238,2022,6,26,Sunday
49,2022-06-26 09:27:00,799,Dark Blue,XL,288,1,288,2022,6,26,Sunday
50,2022-06-27 10:08:00,799,Dark Blue,M,288,1,288,2022,6,27,Monday
51,2022-06-28 14:41:00,799,Dark Blue,M,288,1,288,2022,6,28,Tuesday
52,2022-06-28 19:31:00,708,Dark Blue,2XL,298,1,298,2022,6,28,Tuesday
53,2022-06-03 11:52:00,799,Dark Blue,L,288,1,288,2022,6,3,Friday
54,2022-06-03 22:00:00,708,Dark Blue,2XL,278,1,278,2022,6,3,Friday
54,2022-06-03 22:00:00,9699,Dark Blue,One Size,288,1,288,2022,6,3,Friday
55,2022-06-30 12:26:00,439,Rust,Unknown,258,1,258,2022,6,30,Thursday
56,2022-06-05 07:05:00,799,Dark Blue,L,288,1,288,2022,6,5,Sunday
57,2022-06-05 07:18:00,77,B,Unknown,258,1,258,2022,6,5,Sunday
58,2022-06-06 00:01:00,3799,Grey Wash,XL,246,1,246,2022,6,6,Monday
59,2022-06-06 00:06:00,799,Dark Blue,XL,264,1,264,2022,6,6,Monday
60,2022-06-06 00:12:00,708,Dark Blue,3XL,278,1,278,2022,6,6,Monday
61,2022-06-06 01:37:00,708,Dark Blue,3XL,278,1,278,2022,6,6,Monday
62,2022-06-06 10:04:00,708,Dark Blue,XL,278,1,278,2022,6,6,Monday
63,2022-06-06 10:50:00,799,Dark Blue,XL,264,1,264,2022,6,6,Monday
64,2022-06-06 11:57:00,708,Dark Blue,2XL,278,1,278,2022,6,6,Monday
65,2022-06-06 15:57:00,708,Dark Blue,3XL,278,1,278,2022,6,6,Monday
66,2022-06-06 21:15:00,708,Dark Blue,2XL,278,1,278,2022,6,6,Monday
67,2022-06-06 21:42:00,897,Mid Wash,L,268,1,268,2022,6,6,Monday
68,2022-06-06 22:15:00,708,Dark Blue,3XL,278,1,278,2022,6,6,Monday
69,2022-06-06 03:56:00,1719,Thin Black,One Size,268,1,268,2022,6,6,Monday
69,2022-06-06 03:56:00,77,B,Unknown,258,1,258,2022,6,6,Monday
69,2022-06-06 03:56:00,77,D,Unknown,258,1,258,2022,6,6,Monday
69,2022-06-06 03:56:00,77,A,Unknown,288,1,288,2022,6,6,Monday
70,2022-06-06 09:12:00,708,Dark Blue,XL,278,1,278,2022,6,6,Monday
71,2022-06-08 12:32:00,799,Dark Blue,L,264,1,264,2022,6,8,Wednesday
72,2022-06-08 12:39:00,708,Dark Blue,2XL,278,1,278,2022,6,8,Wednesday
72,2022-06-08 12:39:00,799,Dark Blue,XL,264,1,264,2022,6,8,Wednesday
73,2022-06-09 20:16:00,229,922 Black,XL,207,1,207,2022,6,9,Thursday
73,2022-06-09 20:16:00,229,922 Army green,XL,207,1,207,2022,6,9,Thursday
73,2022-06-09 20:16:00,89,Dark Blue,3XL,258,1,258,2022,6,9,Thursday
73,2022-06-09 20:16:00,2499,Mid Wash,XL,249,1,249,2022,6,9,Thursday
73,2022-06-09 20:16:00,799,Dark Blue,XL,264,1,264,2022,6,9,Thursday
74,2022-06-09 06:41:00,799,Dark Blue,M,264,1,264,2022,6,9,Thursday
75,2022-07-01 18:05:00,799,Dark Blue,XL,288,1,288,2022,7,1,Friday
76,2022-07-10 10:24:00,89,Dark Blue,2XL,258,1,258,2022,7,10,Sunday
77,2022-07-10 12:05:00,1719,Thin Blue,One Size,268,1,268,2022,7,10,Sunday
78,2022-07-10 15:57:00,708,Dark Blue,XL,298,1,298,2022,7,10,Sunday
79,2022-07-10 18:29:00,799,Dark Blue,XL,288,1,288,2022,7,10,Sunday
80,2022-07-10 21:13:00,799,Dark Blue,XL,288,1,288,2022,7,10,Sunday
81,2022-07-10 03:52:00,799,Dark Blue,L,288,1,288,2022,7,10,Sunday
82,2022-07-11 01:18:00,799,Dark Blue,L,288,1,288,2022,7,11,Monday
83,2022-07-11 10:39:00,799,Dark Blue,XL,288,1,288,2022,7,11,Monday
84,2022-07-11 17:19:00,799,Dark Blue,M,288,2,576,2022,7,11,Monday
85,2022-07-12 15:07:00,799,Dark Blue,M,288,1,288,2022,7,12,Tuesday
86,2022-07-12 15:15:00,799,Dark Blue,XL,288,1,288,2022,7,12,Tuesday
87,2022-07-12 07:37:00,799,Dark Blue,M,288,1,288,2022,7,12,Tuesday
88,2022-07-13 06:10:00,799,Dark Blue,L,288,1,288,2022,7,13,Wednesday
89,2022-07-14 14:15:00,708,Dark Blue,XL,298,1,298,2022,7,14,Thursday
90,2022-07-14 18:29:00,799,Dark Blue,M,288,1,288,2022,7,14,Thursday
91,2022-07-14 02:01:00,799,Dark Blue,L,288,1,288,2022,7,14,Thursday
92,2022-07-14 21:12:00,799,Dark Blue,XL,288,1,288,2022,7,14,Thursday
93,2022-07-15 12:37:00,799,Dark Blue,M,288,1,288,2022,7,15,Friday
94,2022-07-15 23:35:00,79,Light Blue,4XL,315,1,315,2022,7,15,Friday
94,2022-07-15 23:35:00,708,Dark Blue,2XL,298,1,298,2022,7,15,Friday
95,2022-07-15 07:54:00,1719,Gray Stripes,One Size,255,1,255,2022,7,15,Friday
96,2022-07-15 07:57:00,799,Dark Blue,XL,288,1,288,2022,7,15,Friday
97,2022-07-16 18:45:00,799,Dark Blue,XL,288,1,288,2022,7,16,Saturday
98,2022-07-16 20:40:00,799,Dark Blue,XL,288,1,288,2022,7,16,Saturday
99,2022-07-16 06:36:00,799,Dark Blue,XL,288,1,288,2022,7,16,Saturday
100,2022-07-16 09:36:00,799,Dark Blue,XL,288,1,288,2022,7,16,Saturday
101,2022-07-17 17:07:00,708,Dark Blue,2XL,298,1,298,2022,7,17,Sunday
102,2022-07-17 18:47:00,799,Dark Blue,XL,288,1,288,2022,7,17,Sunday
103,2022-07-18 11:06:00,799,Dark Blue,M,288,1,288,2022,7,18,Monday
104,2022-07-18 19:05:00,799,Dark Blue,M,288,1,288,2022,7,18,Monday
105,2022-07-18 23:06:00,708,Dark Blue,XL,298,1,298,2022,7,18,Monday
105,2022-07-18 23:06:00,799,Dark Blue,XL,288,1,288,2022,7,18,Monday
106,2022-07-18 08:29:00,799,Dark Blue,M,288,1,288,2022,7,18,Monday
107,2022-07-19 14:18:00,799,Dark Blue,XL,288,1,288,2022,7,19,Tuesday
108,2022-07-19 19:20:00,799,Dark Blue,M,288,1,288,2022,7,19,Tuesday
109,2022-07-19 23:22:00,799,Dark Blue,XL,288,1,288,2022,7,19,Tuesday
110,2022-07-02 00:33:00,29,920 Navy blue,S,227,1,227,2022,7,2,Saturday
110,2022-07-02 00:33:00,799,Dark Blue,M,288,1,288,2022,7,2,Saturday
111,2022-07-02 11:15:00,708,Dark Blue,2XL,298,1,298,2022,7,2,Saturday
112,2022-07-02 23:40:00,799,Dark Blue,XL,288,1,288,2022,7,2,Saturday
113,2022-07-02 04:16:00,708,Dark Blue,3XL,298,1,298,2022,7,2,Saturday
114,2022-07-20 18:57:00,799,Dark Blue,XL,288,1,288,2022,7,20,Wednesday
115,2022-07-21 17:56:00,77,C,Unknown,239,1,239,2022,7,21,Thursday
116,2022-07-22 12:28:00,3799,Grey Wash,XL,268,1,268,2022,7,22,Friday
117,2022-07-22 18:58:00,799,Dark Blue,L,266,1,266,2022,7,22,Friday
118,2022-07-22 04:16:00,799,Dark Blue,L,266,1,266,2022,7,22,Friday
119,2022-07-22 09:42:00,799,Dark Blue,L,266,1,266,2022,7,22,Friday
120,2022-07-23 13:54:00,799,Dark Blue,XL,266,1,266,2022,7,23,Saturday
121,2022-07-23 14:33:00,799,Dark Blue,XL,266,1,266,2022,7,23,Saturday
122,2022-07-23 15:31:00,2499,Mid Wash,XL,232,1,232,2022,7,23,Saturday
123,2022-07-23 17:25:00,799,Dark Blue,L,266,1,266,2022,7,23,Saturday
124,2022-07-23 20:18:00,2499,Mid Wash,M,232,1,232,2022,7,23,Saturday
125,2022-07-24 10:45:00,708,Dark Blue,2XL,298,1,298,2022,7,24,Sunday
126,2022-07-24 14:51:00,799,Dark Blue,M,266,1,266,2022,7,24,Sunday
127,2022-07-24 07:27:00,799,Dark Blue,L,266,1,266,2022,7,24,Sunday
128,2022-07-25 10:26:00,799,Dark Blue,M,266,1,266,2022,7,25,Monday
129,2022-07-25 22:23:00,127,Light Wash,One Size,238,1,238,2022,7,25,Monday
130,2022-07-26 11:20:00,799,Dark Blue,M,266,1,266,2022,7,26,Tuesday
131,2022-07-26 15:15:00,1719,Blue Stripes,One Size,248,1,248,2022,7,26,Tuesday
132,2022-07-26 19:59:00,799,Dark Blue,L,266,1,266,2022,7,26,Tuesday
133,2022-07-26 22:01:00,708,Dark Blue,XL,298,1,298,2022,7,26,Tuesday
134,2022-07-26 03:27:00,799,Dark Blue,XL,266,1,266,2022,7,26,Tuesday
135,2022-07-27 00:31:00,9699,Light Blue,One Size,288,1,288,2022,7,27,Wednesday
136,2022-07-27 11:08:00,799,Dark Blue,XL,266,1,266,2022,7,27,Wednesday
137,2022-07-27 16:13:00,799,Dark Blue,XL,266,1,266,2022,7,27,Wednesday
138,2022-07-27 21:35:00,799,Dark Blue,L,266,1,266,2022,7,27,Wednesday
139,2022-07-27 22:40:00,799,Dark Blue,L,266,1,266,2022,7,27,Wednesday
140,2022-07-27 07:29:00,799,Dark Blue,XL,266,1,266,2022,7,27,Wednesday
141,2022-07-28 06:26:00,799,Dark Blue,L,266,1,266,2022,7,28,Thursday
142,2022-07-29 14:52:00,799,Dark Blue,M,266,1,266,2022,7,29,Friday
143,2022-07-29 20:23:00,708,Dark Blue,2XL,298,1,298,2022,7,29,Friday
144,2022-07-29 23:52:00,799,Dark Blue,M,266,1,266,2022,7,29,Friday
145,2022-07-03 15:41:00,708,Dark Blue,XL,298,1,298,2022,7,3,Sunday
146,2022-07-03 21:14:00,2499,Dark Wash,M,249,1,249,2022,7,3,Sunday
146,2022-07-03 21:14:00,799,Dark Blue,M,288,1,288,2022,7,3,Sunday
147,2022-07-03 06:48:00,1499,Light Blue,XL,287,1,287,2022,7,3,Sunday
147,2022-07-03 06:48:00,799,Dark Blue,XL,288,1,288,2022,7,3,Sunday
148,2022-07-30 11:00:00,799,Dark Blue,XL,266,1,266,2022,7,30,Saturday
149,2022-07-30 12:58:00,708,Dark Blue,3XL,298,1,298,2022,7,30,Saturday
150,2022-07-30 15:05:00,799,Dark Blue,L,266,1,266,2022,7,30,Saturday
151,2022-07-30 15:18:00,799,Dark Blue,XL,266,1,266,2022,7,30,Saturday
152,2022-07-30 16:03:00,799,Dark Blue,XL,266,1,266,2022,7,30,Saturday
153,2022-07-30 18:56:00,799,Dark Blue,L,266,1,266,2022,7,30,Saturday
154,2022-07-30 20:54:00,799,Dark Blue,XL,266,1,266,2022,7,30,Saturday
155,2022-07-30 06:30:00,799,Dark Blue,XL,266,1,266,2022,7,30,Saturday
156,2022-07-31 13:19:00,708,Dark Blue,3XL,298,1,298,2022,7,31,Sunday
157,2022-07-31 17:03:00,708,Dark Blue,3XL,298,1,298,2022,7,31,Sunday
158,2022-07-31 18:25:00,628,Blue,XL,268,1,268,2022,7,31,Sunday
159,2022-07-31 21:34:00,799,Dark Blue,XL,266,1,266,2022,7,31,Sunday
160,2022-07-31 23:11:00,61399,Mid Wash,M,278,1,278,2022,7,31,Sunday
160,2022-07-31 23:11:00,799,Dark Blue,L,266,1,266,2022,7,31,Sunday
161,2022-07-31 23:38:00,1719,Black Stripes,One Size,248,1,248,2022,7,31,Sunday
162,2022-07-05 09:03:00,799,Dark Blue,M,288,1,288,2022,7,5,Tuesday
163,2022-07-05 09:47:00,799,Dark Blue,M,288,1,288,2022,7,5,Tuesday
164,2022-07-06 17:14:00,9699,Light Blue,One Size,288,1,288,2022,7,6,Wednesday
164,2022-07-06 17:14:00,9699,Black,One Size,288,2,576,2022,7,6,Wednesday
165,2022-07-07 00:35:00,9699,Light Blue,One Size,288,1,288,2022,7,7,Thursday
166,2022-07-07 11:29:00,799,Dark Blue,XL,269,1,269,2022,7,7,Thursday
167,2022-07-07 11:56:00,77,B,Unknown,239,1,239,2022,7,7,Thursday
168,2022-07-07 13:33:00,799,Dark Blue,XL,269,1,269,2022,7,7,Thursday
169,2022-07-07 13:34:00,799,Dark Blue,L,269,1,269,2022,7,7,Thursday
170,2022-07-07 18:24:00,799,Dark Blue,XL,269,1,269,2022,7,7,Thursday
171,2022-07-07 18:26:00,799,Dark Blue,L,269,1,269,2022,7,7,Thursday
172,2022-07-07 20:34:00,799,Dark Blue,L,269,1,269,2022,7,7,Thursday
173,2022-07-07 05:54:00,708,Dark Blue,2XL,296,1,296,2022,7,7,Thursday
174,2022-07-07 07:44:00,708,Dark Blue,3XL,296,1,296,2022,7,7,Thursday
175,2022-07-07 09:56:00,799,Dark Blue,L,269,1,269,2022,7,7,Thursday
176,2022-07-08 14:28:00,9699,Black,One Size,288,1,288,2022,7,8,Friday
176,2022-07-08 14:28:00,799,Dark Blue,XL,269,1,269,2022,7,8,Friday
177,2022-07-09 20:06:00,708,Dark Blue,XL,296,1,296,2022,7,9,Saturday
177,2022-07-09 20:06:00,799,Dark Blue,L,269,1,269,2022,7,9,Saturday
178,2022-07-09 21:20:00,77,A,Unknown,239,1,239,2022,7,9,Saturday
179,2022-07-09 21:49:00,708,Dark Blue,2XL,296,1,296,2022,7,9,Saturday
180,2022-08-01 14:06:00,799,Dark Blue,L,266,1,266,2022,8,1,Monday
181,2022-08-01 08:33:00,799,Dark Blue,XL,266,1,266,2022,8,1,Monday
182,2022-08-10 20:58:00,799,Dark Blue,M,266,1,266,2022,8,10,Wednesday
183,2022-08-10 21:08:00,9699,Light Blue,One Size,288,1,288,2022,8,10,Wednesday
183,2022-08-10 21:08:00,3799,Grey Wash,XL,268,1,268,2022,8,10,Wednesday
184,2022-08-10 07:01:00,799,Dark Blue,XL,266,1,266,2022,8,10,Wednesday
185,2022-08-11 21:03:00,799,Dark Blue,L,266,1,266,2022,8,11,Thursday
186,2022-08-11 23:21:00,799,Dark Blue,XL,266,1,266,2022,8,11,Thursday
187,2022-08-12 13:03:00,799,Dark Blue,L,266,1,266,2022,8,12,Friday
188,2022-08-12 13:16:00,799,Dark Blue,L,266,1,266,2022,8,12,Friday
189,2022-08-12 13:38:00,799,Dark Blue,M,266,1,266,2022,8,12,Friday
190,2022-08-12 21:29:00,799,Dark Blue,M,266,1,266,2022,8,12,Friday
191,2022-08-13 11:27:00,799,Dark Blue,M,266,1,266,2022,8,13,Saturday
192,2022-08-13 22:06:00,799,Dark Blue,XL,266,1,266,2022,8,13,Saturday
193,2022-08-13 23:59:00,799,Dark Blue,XL,266,1,266,2022,8,13,Saturday
194,2022-08-14 01:07:00,799,Dark Blue,L,266,1,266,2022,8,14,Sunday
195,2022-08-14 10:05:00,799,Dark Blue,L,266,1,266,2022,8,14,Sunday
196,2022-08-14 11:24:00,799,Dark Blue,M,266,1,266,2022,8,14,Sunday
197,2022-08-14 13:30:00,799,Dark Blue,L,266,1,266,2022,8,14,Sunday
198,2022-08-14 19:15:00,799,Dark Blue,M,266,1,266,2022,8,14,Sunday
199,2022-08-14 20:30:00,89,Light Blue,XL,258,1,258,2022,8,14,Sunday
200,2022-08-15 01:32:00,799,Dark Blue,XL,266,1,266,2022,8,15,Monday
201,2022-08-15 12:38:00,799,Dark Blue,XL,266,1,266,2022,8,15,Monday
202,2022-08-15 15:41:00,799,Dark Blue,L,266,1,266,2022,8,15,Monday
203,2022-08-15 17:51:00,799,Dark Blue,XL,266,1,266,2022,8,15,Monday
204,2022-08-15 19:15:00,77,C,Unknown,239,1,239,2022,8,15,Monday
204,2022-08-15 19:15:00,239,Green,Unknown,245,1,245,2022,8,15,Monday
204,2022-08-15 19:15:00,239,White,Unknown,245,1,245,2022,8,15,Monday
204,2022-08-15 19:15:00,239,Mustard,Unknown,245,1,245,2022,8,15,Monday
204,2022-08-15 19:15:00,239,Rust,Unknown,245,1,245,2022,8,15,Monday
204,2022-08-15 19:15:00,339,Brown,Unknown,254,1,254,2022,8,15,Monday
204,2022-08-15 19:15:00,339,Green,Unknown,254,1,254,2022,8,15,Monday
205,2022-08-15 02:40:00,708,Dark Blue,3XL,277,1,277,2022,8,15,Monday
206,2022-08-15 05:17:00,799,Dark Blue,L,266,1,266,2022,8,15,Monday
207,2022-08-15 09:05:00,799,Dark Blue,XL,266,1,266,2022,8,15,Monday
208,2022-08-15 09:39:00,799,Dark Blue,XL,266,1,266,2022,8,15,Monday
209,2022-08-16 13:51:00,799,Dark Blue,M,266,1,266,2022,8,16,Tuesday
210,2022-08-16 17:34:00,799,Dark Blue,XL,266,1,266,2022,8,16,Tuesday
211,2022-08-16 19:49:00,799,Dark Blue,L,266,1,266,2022,8,16,Tuesday
212,2022-08-16 23:53:00,79,Light Blue,L,315,1,315,2022,8,16,Tuesday
212,2022-08-16 23:53:00,799,Dark Blue,L,266,1,266,2022,8,16,Tuesday
213,2022-08-16 03:14:00,799,Dark Blue,L,266,1,266,2022,8,16,Tuesday
214,2022-08-16 08:39:00,799,Dark Blue,M,266,1,266,2022,8,16,Tuesday
215,2022-08-17 12:32:00,799,Dark Blue,XL,266,1,266,2022,8,17,Wednesday
216,2022-08-17 15:22:00,61399,Mid Wash,XL,278,1,278,2022,8,17,Wednesday
216,2022-08-17 15:22:00,799,Dark Blue,XL,266,1,266,2022,8,17,Wednesday
217,2022-08-17 18:10:00,89,Light Blue,3XL,258,1,258,2022,8,17,Wednesday
218,2022-08-17 22:40:00,799,Dark Blue,L,266,1,266,2022,8,17,Wednesday
219,2022-08-17 04:12:00,799,Dark Blue,M,266,1,266,2022,8,17,Wednesday
220,2022-08-17 06:29:00,799,Dark Blue,XL,266,1,266,2022,8,17,Wednesday
221,2022-08-17 07:25:00,89,Dark Blue,2XL,258,1,258,2022,8,17,Wednesday
222,2022-08-18 14:04:00,799,Dark Blue,XL,288,1,288,2022,8,18,Thursday
223,2022-08-18 18:08:00,799,Dark Blue,M,288,1,288,2022,8,18,Thursday
224,2022-08-18 19:50:00,799,Dark Blue,M,288,1,288,2022,8,18,Thursday
225,2022-08-19 21:42:00,bobo,Matcha,One Size,228,1,228,2022,8,19,Friday
226,2022-08-19 22:56:00,799,Dark Blue,XL,288,1,288,2022,8,19,Friday
227,2022-08-19 09:43:00,799,Dark Blue,L,288,1,288,2022,8,19,Friday
228,2022-08-20 11:49:00,799,Dark Blue,XL,288,1,288,2022,8,20,Saturday
229,2022-08-20 12:59:00,708,Dark Blue,2XL,298,1,298,2022,8,20,Saturday
230,2022-08-20 18:19:00,799,Dark Blue,XL,288,1,288,2022,8,20,Saturday
231,2022-08-20 23:35:00,3799,Grey Wash,XL,268,1,268,2022,8,20,Saturday
232,2022-08-22 23:25:00,799,Dark Blue,M,288,1,288,2022,8,22,Monday
233,2022-08-22 07:06:00,218,Black,XL,318,1,318,2022,8,22,Monday
233,2022-08-22 07:06:00,1499,Dark Blue,XL,287,1,287,2022,8,22,Monday
234,2022-08-22 09:21:00,799,Dark Blue,M,288,1,288,2022,8,22,Monday
235,2022-08-23 17:38:00,799,Dark Blue,XL,288,1,288,2022,8,23,Tuesday
236,2022-08-23 19:54:00,89,Dark Blue,2XL,258,1,258,2022,8,23,Tuesday
237,2022-08-23 22:41:00,799,Dark Blue,XL,288,1,288,2022,8,23,Tuesday
238,2022-08-23 07:05:00,708,Dark Blue,2XL,298,1,298,2022,8,23,Tuesday
239,2022-08-24 14:34:00,799,Dark Blue,XL,288,1,288,2022,8,24,Wednesday
240,2022-08-24 19:51:00,799,Dark Blue,L,288,1,288,2022,8,24,Wednesday
241,2022-08-24 08:05:00,799,Dark Blue,XL,288,1,288,2022,8,24,Wednesday
242,2022-08-25 13:02:00,799,Dark Blue,XL,288,2,576,2022,8,25,Thursday
243,2022-08-25 20:29:00,799,Dark Blue,M,288,1,288,2022,8,25,Thursday
244,2022-08-25 22:07:00,239,Gray,Unknown,278,1,278,2022,8,25,Thursday
245,2022-08-26 14:36:00,799,Dark Blue,L,269,1,269,2022,8,26,Friday
246,2022-08-26 16:02:00,799,Dark Blue,L,269,1,269,2022,8,26,Friday
247,2022-08-26 16:08:00,799,Dark Blue,L,269,1,269,2022,8,26,Friday
248,2022-08-26 16:47:00,799,Dark Blue,M,269,1,269,2022,8,26,Friday
249,2022-08-26 20:39:00,799,Dark Blue,XL,269,1,269,2022,8,26,Friday
250,2022-08-26 21:37:00,8499,Light Blue,M,238,1,238,2022,8,26,Friday
251,2022-08-26 09:23:00,799,Dark Blue,M,269,1,269,2022,8,26,Friday
252,2022-08-27 16:29:00,799,Dark Blue,M,288,1,288,2022,8,27,Saturday
253,2022-08-27 19:31:00,3799,Grey Wash,XL,268,1,268,2022,8,27,Saturday
254,2022-08-27 22:25:00,799,Dark Blue,L,288,1,288,2022,8,27,Saturday
255,2022-08-27 23:31:00,89,Light Blue,2XL,258,1,258,2022,8,27,Saturday
256,2022-08-28 12:12:00,708,Dark Blue,3XL,298,1,298,2022,8,28,Sunday
257,2022-08-28 15:43:00,799,Dark Blue,XL,288,1,288,2022,8,28,Sunday
258,2022-08-28 19:30:00,9699,Black,One Size,288,1,288,2022,8,28,Sunday
259,2022-08-28 22:10:00,708,Dark Blue,XL,298,1,298,2022,8,28,Sunday
260,2022-08-28 22:12:00,799,Dark Blue,M,288,1,288,2022,8,28,Sunday
261,2022-08-28 08:39:00,799,Dark Blue,XL,288,1,288,2022,8,28,Sunday
262,2022-08-29 16:41:00,799,Dark Blue,XL,288,1,288,2022,8,29,Monday
263,2022-08-29 19:41:00,708,Dark Blue,2XL,298,1,298,2022,8,29,Monday
263,2022-08-29 19:41:00,708,Dark Blue,3XL,298,1,298,2022,8,29,Monday
264,2022-08-29 09:58:00,9699,Light Blue,One Size,288,1,288,2022,8,29,Monday
264,2022-08-29 09:58:00,9699,Dark Blue,One Size,288,1,288,2022,8,29,Monday
265,2022-08-03 20:42:00,3799,Grey Wash,M,268,1,268,2022,8,3,Wednesday
266,2022-08-03 21:27:00,799,Dark Blue,L,266,1,266,2022,8,3,Wednesday
267,2022-08-03 21:45:00,799,Dark Blue,L,266,1,266,2022,8,3,Wednesday
268,2022-08-03 23:03:00,bobo,Navy Blue,One Size,191,1,191,2022,8,3,Wednesday
269,2022-08-03 06:14:00,708,Dark Blue,XL,298,1,298,2022,8,3,Wednesday
269,2022-08-03 06:14:00,799,Dark Blue,XL,266,1,266,2022,8,3,Wednesday
270,2022-08-30 20:36:00,799,Dark Blue,M,278,1,278,2022,8,30,Tuesday
271,2022-08-30 05:47:00,799,Dark Blue,XL,278,1,278,2022,8,30,Tuesday
272,2022-08-30 07:10:00,799,Dark Blue,L,278,1,278,2022,8,30,Tuesday
273,2022-08-30 08:58:00,799,Dark Blue,L,278,1,278,2022,8,30,Tuesday
1,2022-08-30 09:42:00,3081,Midnight Blue,One SIze,198,1,198,2022,8,30,Tuesday
2,2022-08-30 09:42:00,89,Dark Blue,3XL,245,1,245,2022,8,30,Tuesday
3,2022-08-30 09:42:00,799,Dark Blue,XL,278,1,278,2022,8,30,Tuesday
4,2022-08-30 09:42:00,799,Dark Blue,XL,278,1,278,2022,8,30,Tuesday
5,2022-08-31 00:34:00,799,Dark Blue,XL,278,1,278,2022,8,31,Wednesday
6,2022-08-31 15:28:00,799,Dark Blue,M,278,1,278,2022,8,31,Wednesday
7,2022-08-31 15:31:00,799,Dark Blue,XL,278,1,278,2022,8,31,Wednesday
8,2022-08-31 18:50:00,79,Light Blue,L,297,1,297,2022,8,31,Wednesday
9,2022-08-31 06:21:00,708,Dark Blue,3XL,298,1,298,2022,8,31,Wednesday
10,2022-08-31 08:42:00,708,Dark Blue,2XL,298,1,298,2022,8,31,Wednesday
11,2022-08-04 12:30:00,77,B,Unknown,239,1,239,2022,8,4,Thursday
11,2022-08-04 12:30:00,77,C,Unknown,239,1,239,2022,8,4,Thursday
12,2022-08-04 21:11:00,bobo,Maroon,One Size,191,1,191,2022,8,4,Thursday
12,2022-08-04 21:11:00,bobo,Blue,One Size,191,1,191,2022,8,4,Thursday
13,2022-08-05 12:18:00,799,Dark Blue,L,266,1,266,2022,8,5,Friday
14,2022-08-05 17:11:00,708,Dark Blue,3XL,298,1,298,2022,8,5,Friday
15,2022-08-05 19:33:00,708,Dark Blue,4XL,899,1,899,2022,8,5,Friday
16,2022-08-06 00:37:00,539,Black,One Size,268,1,268,2022,8,6,Saturday
16,2022-08-06 00:37:00,8499,Light Blue,M,223,1,223,2022,8,6,Saturday
16,2022-08-06 00:37:00,799,Dark Blue,M,266,1,266,2022,8,6,Saturday
17,2022-08-06 11:04:00,339,Navy Blue,Unknown,288,1,288,2022,8,6,Saturday
17,2022-08-06 11:04:00,339,Mocha,Unknown,288,1,288,2022,8,6,Saturday
18,2022-08-06 19:41:00,799,Dark Blue,XL,266,1,266,2022,8,6,Saturday
19,2022-08-06 23:07:00,708,Dark Blue,2XL,298,1,298,2022,8,6,Saturday
20,2022-08-07 10:53:00,799,Dark Blue,XL,266,1,266,2022,8,7,Sunday
21,2022-08-07 22:31:00,1719,Thin Blue,One Size,249,1,249,2022,8,7,Sunday
22,2022-08-07 22:31:00,1719,Blue Stripes,One Size,248,1,248,2022,8,7,Sunday
23,2022-08-08 00:26:00,708,Dark Blue,2XL,298,1,298,2022,8,8,Monday
24,2022-08-08 00:58:00,bobo,Cream,One Size,191,2,382,2022,8,8,Monday
24,2022-08-08 00:58:00,bobo,Navy Blue,One Size,191,1,191,2022,8,8,Monday
24,2022-08-08 00:58:00,bobo,Blue,One Size,191,1,191,2022,8,8,Monday
25,2022-08-08 15:11:00,77,B,Unknown,239,1,239,2022,8,8,Monday
25,2022-08-08 15:11:00,239,Navy Blue,Unknown,239,1,239,2022,8,8,Monday
25,2022-08-08 15:11:00,239,Brown,Unknown,239,1,239,2022,8,8,Monday
25,2022-08-08 15:11:00,239,Skintone,Unknown,278,1,278,2022,8,8,Monday
26,2022-08-08 15:14:00,799,Dark Blue,M,266,1,266,2022,8,8,Monday
27,2022-08-08 19:18:00,799,Dark Blue,M,266,1,266,2022,8,8,Monday
28,2022-08-08 02:45:00,799,Dark Blue,L,266,1,266,2022,8,8,Monday
29,2022-08-08 20:33:00,799,Dark Blue,L,266,1,266,2022,8,8,Monday
30,2022-08-08 21:14:00,799,Dark Blue,M,266,1,266,2022,8,8,Monday
31,2022-08-08 08:07:00,708,Dark Blue,3XL,298,1,298,2022,8,8,Monday
32,2022-08-08 08:36:00,708,Dark Blue,3XL,298,1,298,2022,8,8,Monday
33,2022-08-08 08:50:00,799,Dark Blue,L,266,1,266,2022,8,8,Monday
34,2022-08-09 11:20:00,799,Dark Blue,XL,266,1,266,2022,8,9,Tuesday
35,2022-08-09 13:03:00,799,Dark Blue,L,266,1,266,2022,8,9,Tuesday
36,2022-08-09 13:27:00,218,Black,M,296,1,296,2022,8,9,Tuesday
37,2022-08-09 16:27:00,799,Dark Blue,XL,266,1,266,2022,8,9,Tuesday
38,2022-09-01 11:41:00,799,Dark Blue,L,288,1,288,2022,9,1,Thursday
39,2022-09-01 12:15:00,799,Dark Blue,XL,288,1,288,2022,9,1,Thursday
40,2022-09-10 00:37:00,799,Dark Blue,M,265,1,265,2022,9,10,Saturday
41,2022-09-10 10:41:00,708,Dark Blue,4XL,278,1,278,2022,9,10,Saturday
42,2022-09-10 11:47:00,708,Dark Blue,2XL,278,1,278,2022,9,10,Saturday
43,2022-09-10 12:34:00,708,Dark Blue,4XL,278,1,278,2022,9,10,Saturday
44,2022-09-10 17:40:00,799,Dark Blue,XL,265,1,265,2022,9,10,Saturday
45,2022-09-10 18:43:00,239,Navy Blue,Unknown,278,1,278,2022,9,10,Saturday
46,2022-09-10 18:52:00,708,Dark Blue,3XL,278,1,278,2022,9,10,Saturday
46,2022-09-10 18:52:00,799,Dark Blue,XL,265,1,265,2022,9,10,Saturday
47,2022-09-10 02:31:00,799,Dark Blue,XL,265,2,530,2022,9,10,Saturday
48,2022-09-10 20:41:00,218,Black,XL,318,1,318,2022,9,10,Saturday
49,2022-09-10 06:09:00,708,Dark Blue,4XL,278,1,278,2022,9,10,Saturday
49,2022-09-10 06:09:00,799,Dark Blue,XL,265,1,265,2022,9,10,Saturday
50,2022-09-11 01:34:00,708,Dark Blue,3XL,278,1,278,2022,9,11,Sunday
51,2022-09-11 10:33:00,799,Dark Blue,XL,265,1,265,2022,9,11,Sunday
52,2022-09-11 23:46:00,799,Dark Blue,M,265,1,265,2022,9,11,Sunday
53,2022-09-11 08:29:00,61399,Dark Wash,M,278,1,278,2022,9,11,Sunday
53,2022-09-11 08:29:00,799,Dark Blue,M,265,1,265,2022,9,11,Sunday
54,2022-09-11 08:33:00,61399,Dark Wash,M,278,1,278,2022,9,11,Sunday
54,2022-09-11 08:33:00,799,Dark Blue,M,265,1,265,2022,9,11,Sunday
55,2022-09-12 16:46:00,708,Dark Blue,2XL,287,1,287,2022,9,12,Monday
56,2022-09-12 20:19:00,799,Dark Blue,XL,275,1,275,2022,9,12,Monday
57,2022-09-12 05:24:00,799,Dark Blue,M,275,1,275,2022,9,12,Monday
58,2022-09-12 08:59:00,708,Dark Blue,2XL,287,1,287,2022,9,12,Monday
59,2022-09-13 13:06:00,799,Dark Blue,L,275,1,275,2022,9,13,Tuesday
60,2022-09-14 05:16:00,799,Dark Blue,XL,275,1,275,2022,9,14,Wednesday
61,2022-09-14 07:03:00,708,Dark Blue,XL,287,1,287,2022,9,14,Wednesday
62,2022-09-14 09:34:00,3081,Brown,One SIze,198,1,198,2022,9,14,Wednesday
62,2022-09-14 09:34:00,3081,Light Blue,One SIze,198,1,198,2022,9,14,Wednesday
62,2022-09-14 09:34:00,3081,Cornflower Blue,One SIze,198,1,198,2022,9,14,Wednesday
62,2022-09-14 09:34:00,3081,Midnight Blue,One SIze,198,1,198,2022,9,14,Wednesday
62,2022-09-14 09:34:00,799,Dark Blue,L,275,1,275,2022,9,14,Wednesday
63,2022-09-15 00:11:00,799,Dark Blue,L,269,1,269,2022,9,15,Thursday
64,2022-09-15 12:06:00,799,Dark Blue,XL,269,1,269,2022,9,15,Thursday
65,2022-09-15 19:41:00,799,Dark Blue,XL,269,1,269,2022,9,15,Thursday
66,2022-09-15 04:55:00,799,Dark Blue,L,269,1,269,2022,9,15,Thursday
67,2022-09-15 06:45:00,799,Dark Blue,M,269,1,269,2022,9,15,Thursday
68,2022-09-16 17:50:00,799,Dark Blue,XL,288,1,288,2022,9,16,Friday
69,2022-09-16 20:39:00,799,Dark Blue,M,288,1,288,2022,9,16,Friday
70,2022-09-16 21:40:00,799,Dark Blue,M,288,1,288,2022,9,16,Friday
71,2022-09-16 09:31:00,799,Dark Blue,L,288,1,288,2022,9,16,Friday
72,2022-09-17 13:44:00,799,Dark Blue,L,288,1,288,2022,9,17,Saturday
73,2022-09-17 14:44:00,799,Dark Blue,L,288,1,288,2022,9,17,Saturday
74,2022-09-17 19:24:00,799,Dark Blue,XL,288,1,288,2022,9,17,Saturday
75,2022-09-17 21:03:00,239,Rust,Unknown,278,1,278,2022,9,17,Saturday
76,2022-09-17 21:17:00,89,Light Blue,3XL,258,1,258,2022,9,17,Saturday
77,2022-09-17 05:26:00,799,Dark Blue,XL,288,1,288,2022,9,17,Saturday
78,2022-09-17 08:21:00,799,Dark Blue,M,288,1,288,2022,9,17,Saturday
79,2022-09-18 13:46:00,708,Dark Blue,XL,298,1,298,2022,9,18,Sunday
80,2022-09-18 08:01:00,708,Dark Blue,2XL,298,1,298,2022,9,18,Sunday
80,2022-09-18 08:01:00,799,Dark Blue,XL,288,1,288,2022,9,18,Sunday
81,2022-09-18 08:12:00,239,Yellow,Unknown,278,1,278,2022,9,18,Sunday
81,2022-09-18 08:12:00,bobo,Pink,One Size,228,1,228,2022,9,18,Sunday
82,2022-09-18 09:31:00,799,Dark Blue,L,288,1,288,2022,9,18,Sunday
83,2022-09-19 10:05:00,799,Dark Blue,M,288,1,288,2022,9,19,Monday
83,2022-09-19 10:05:00,799,Dark Blue,L,288,2,576,2022,9,19,Monday
84,2022-09-19 10:46:00,799,Dark Blue,L,288,1,288,2022,9,19,Monday
85,2022-09-19 17:02:00,799,Dark Blue,XL,288,1,288,2022,9,19,Monday
86,2022-09-19 21:24:00,799,Dark Blue,L,288,1,288,2022,9,19,Monday
87,2022-09-19 22:28:00,799,Dark Blue,XL,288,1,288,2022,9,19,Monday
88,2022-09-02 11:26:00,708,Dark Blue,2XL,298,1,298,2022,9,2,Friday
89,2022-09-02 11:31:00,708,Dark Blue,2XL,298,1,298,2022,9,2,Friday
90,2022-09-02 13:03:00,799,Dark Blue,M,288,1,288,2022,9,2,Friday
91,2022-09-02 13:42:00,708,Dark Blue,2XL,298,1,298,2022,9,2,Friday
91,2022-09-02 13:42:00,799,Dark Blue,XL,288,1,288,2022,9,2,Friday
92,2022-09-20 18:15:00,bobo,Red Orange,One Size,228,1,228,2022,9,20,Tuesday
92,2022-09-20 18:15:00,bobo,Matcha,One Size,228,1,228,2022,9,20,Tuesday
93,2022-09-20 07:39:00,799,Dark Blue,L,288,1,288,2022,9,20,Tuesday
94,2022-09-20 09:22:00,708,Dark Blue,2XL,298,1,298,2022,9,20,Tuesday
95,2022-09-21 13:05:00,799,Dark Blue,L,288,1,288,2022,9,21,Wednesday
96,2022-09-21 15:24:00,799,Dark Blue,XL,288,1,288,2022,9,21,Wednesday
97,2022-09-21 16:28:00,799,Dark Blue,M,288,1,288,2022,9,21,Wednesday
98,2022-09-21 06:30:00,799,Dark Blue,M,288,1,288,2022,9,21,Wednesday
99,2022-09-21 06:33:00,799,Dark Blue,M,288,1,288,2022,9,21,Wednesday
100,2022-09-21 07:23:00,708,Dark Blue,2XL,298,1,298,2022,9,21,Wednesday
101,2022-09-22 20:38:00,799,Dark Blue,L,275,1,275,2022,9,22,Thursday
102,2022-09-22 21:28:00,799,Dark Blue,XL,275,1,275,2022,9,22,Thursday
103,2022-09-22 23:11:00,799,Dark Blue,XL,275,1,275,2022,9,22,Thursday
104,2022-09-23 12:15:00,799,Dark Blue,M,275,1,275,2022,9,23,Friday
105,2022-09-23 09:44:00,799,Dark Blue,L,275,1,275,2022,9,23,Friday
106,2022-09-24 15:57:00,239,Gray,Unknown,259,1,259,2022,9,24,Saturday
107,2022-09-24 19:55:00,708,Dark Blue,2XL,287,1,287,2022,9,24,Saturday
108,2022-09-25 14:52:00,89,Dark Blue,3XL,258,1,258,2022,9,25,Sunday
109,2022-09-25 08:53:00,799,Dark Blue,XL,278,1,278,2022,9,25,Sunday
110,2022-09-26 13:19:00,799,Dark Blue,L,288,1,288,2022,9,26,Monday
111,2022-09-26 06:59:00,89,Dark Blue,XL,258,1,258,2022,9,26,Monday
112,2022-09-26 08:45:00,799,Dark Blue,XL,288,1,288,2022,9,26,Monday
113,2022-09-27 13:31:00,799,Dark Blue,M,288,1,288,2022,9,27,Tuesday
114,2022-09-27 05:15:00,708,Dark Blue,2XL,298,1,298,2022,9,27,Tuesday
115,2022-09-27 07:10:00,799,Dark Blue,M,288,1,288,2022,9,27,Tuesday
116,2022-09-28 17:47:00,708,Dark Blue,2XL,298,1,298,2022,9,28,Wednesday
117,2022-09-28 19:18:00,708,Dark Blue,4XL,286,1,286,2022,9,28,Wednesday
118,2022-09-28 22:11:00,708,Dark Blue,2XL,286,1,286,2022,9,28,Wednesday
119,2022-09-29 10:15:00,799,Dark Blue,XL,288,1,288,2022,9,29,Thursday
120,2022-09-29 17:05:00,799,Dark Blue,XL,288,1,288,2022,9,29,Thursday
121,2022-09-29 21:14:00,239,Gray,Unknown,278,1,278,2022,9,29,Thursday
122,2022-09-03 15:14:00,708,Dark Blue,2XL,298,1,298,2022,9,3,Saturday
122,2022-09-03 15:14:00,799,Dark Blue,XL,288,1,288,2022,9,3,Saturday
123,2022-09-03 15:26:00,9699,Dark Blue,One Size,288,1,288,2022,9,3,Saturday
124,2022-09-03 19:01:00,218,Black,M,318,1,318,2022,9,3,Saturday
125,2022-09-03 22:13:00,239,Navy Blue,Unknown,278,1,278,2022,9,3,Saturday
126,2022-09-30 00:00:00,799,Dark Blue,XL,278,1,278,2022,9,30,Friday
127,2022-09-30 12:37:00,799,Dark Blue,XL,278,1,278,2022,9,30,Friday
128,2022-09-30 13:14:00,bobo,White,One Size,206,1,206,2022,9,30,Friday
129,2022-09-30 20:56:00,799,Dark Blue,M,278,1,278,2022,9,30,Friday
130,2022-09-30 23:25:00,799,Dark Blue,L,278,1,278,2022,9,30,Friday
131,2022-09-30 08:17:00,799,Dark Blue,M,278,1,278,2022,9,30,Friday
132,2022-09-04 01:03:00,799,Dark Blue,L,288,1,288,2022,9,4,Sunday
133,2022-09-04 11:01:00,799,Dark Blue,M,288,1,288,2022,9,4,Sunday
134,2022-09-04 14:51:00,79,Light Blue,M,315,1,315,2022,9,4,Sunday
134,2022-09-04 14:51:00,79,Light Blue,L,315,1,315,2022,9,4,Sunday
134,2022-09-04 14:51:00,79,Light Blue,XL,315,1,315,2022,9,4,Sunday
134,2022-09-04 14:51:00,79,Light Blue,2XL,315,1,315,2022,9,4,Sunday
134,2022-09-04 14:51:00,79,Light Blue,3XL,315,1,315,2022,9,4,Sunday
134,2022-09-04 14:51:00,79,Light Blue,4XL,315,1,315,2022,9,4,Sunday
134,2022-09-04 14:51:00,218,Black,M,318,1,318,2022,9,4,Sunday
134,2022-09-04 14:51:00,218,Black,L,318,1,318,2022,9,4,Sunday
134,2022-09-04 14:51:00,218,Black,XL,318,1,318,2022,9,4,Sunday
134,2022-09-04 14:51:00,3799,Grey Wash,XL,268,1,268,2022,9,4,Sunday
134,2022-09-04 14:51:00,3799,Grey Wash,M,268,1,268,2022,9,4,Sunday
134,2022-09-04 14:51:00,3799,Grey Wash,L,268,1,268,2022,9,4,Sunday
135,2022-09-04 17:14:00,9699,Light Blue,One Size,288,1,288,2022,9,4,Sunday
135,2022-09-04 17:14:00,9699,Dark Blue,One Size,288,1,288,2022,9,4,Sunday
136,2022-09-04 19:22:00,799,Dark Blue,M,288,1,288,2022,9,4,Sunday
137,2022-09-04 20:44:00,799,Dark Blue,L,288,1,288,2022,9,4,Sunday
137,2022-09-04 20:44:00,799,Dark Blue,XL,288,1,288,2022,9,4,Sunday
138,2022-09-04 22:57:00,239,Black,Unknown,278,1,278,2022,9,4,Sunday
139,2022-09-05 16:03:00,9699,Dark Blue,One Size,288,1,288,2022,9,5,Monday
140,2022-09-05 21:36:00,799,Dark Blue,M,288,1,288,2022,9,5,Monday
141,2022-09-06 11:30:00,799,Dark Blue,L,288,1,288,2022,9,6,Tuesday
142,2022-09-06 14:53:00,708,Dark Blue,2XL,298,1,298,2022,9,6,Tuesday
143,2022-09-06 20:41:00,708,Dark Blue,3XL,298,1,298,2022,9,6,Tuesday
144,2022-09-06 08:41:00,799,Dark Blue,XL,288,1,288,2022,9,6,Tuesday
145,2022-09-07 15:05:00,799,Dark Blue,L,288,1,288,2022,9,7,Wednesday
146,2022-09-07 15:13:00,799,Dark Blue,L,288,1,288,2022,9,7,Wednesday
147,2022-09-07 08:05:00,799,Dark Blue,L,288,1,288,2022,9,7,Wednesday
148,2022-09-08 15:20:00,799,Dark Blue,M,288,1,288,2022,9,8,Thursday
149,2022-09-08 15:28:00,708,Dark Blue,3XL,298,1,298,2022,9,8,Thursday
150,2022-09-08 15:58:00,799,Dark Blue,XL,288,1,288,2022,9,8,Thursday
151,2022-09-08 16:47:00,799,Dark Blue,L,288,1,288,2022,9,8,Thursday
152,2022-09-08 19:12:00,799,Dark Blue,L,288,1,288,2022,9,8,Thursday
153,2022-09-08 19:32:00,799,Dark Blue,M,288,1,288,2022,9,8,Thursday
154,2022-09-09 00:00:00,799,Dark Blue,M,265,1,265,2022,9,9,Friday
155,2022-09-09 00:17:00,8499,Light Blue,L,238,1,238,2022,9,9,Friday
156,2022-09-09 01:08:00,799,Dark Blue,M,265,1,265,2022,9,9,Friday
157,2022-09-09 01:54:00,799,Dark Blue,L,265,1,265,2022,9,9,Friday
158,2022-09-09 11:15:00,539,Black,One Size,268,1,268,2022,9,9,Friday
159,2022-09-09 13:08:00,708,Dark Blue,3XL,278,1,278,2022,9,9,Friday
160,2022-09-09 14:38:00,708,Dark Blue,4XL,278,1,278,2022,9,9,Friday
161,2022-09-09 15:28:00,799,Dark Blue,XL,265,1,265,2022,9,9,Friday
162,2022-09-09 15:43:00,799,Dark Blue,M,265,1,265,2022,9,9,Friday
163,2022-09-09 15:45:00,799,Dark Blue,L,265,1,265,2022,9,9,Friday
164,2022-09-09 16:30:00,708,Dark Blue,2XL,278,1,278,2022,9,9,Friday
165,2022-09-09 20:58:00,799,Dark Blue,XL,265,1,265,2022,9,9,Friday
166,2022-09-09 21:17:00,bobo,White,One Size,228,1,228,2022,9,9,Friday
167,2022-09-09 23:59:00,708,Dark Blue,3XL,278,1,278,2022,9,9,Friday
168,2022-09-09 03:29:00,799,Dark Blue,XL,265,1,265,2022,9,9,Friday
169,2022-09-09 05:55:00,799,Dark Blue,M,265,1,265,2022,9,9,Friday
170,2022-09-09 06:10:00,799,Dark Blue,M,265,1,265,2022,9,9,Friday
171,2022-09-09 06:27:00,799,Dark Blue,M,265,1,265,2022,9,9,Friday
172,2022-09-09 07:18:00,708,Dark Blue,4XL,278,1,278,2022,9,9,Friday
173,2022-09-09 07:22:00,799,Dark Blue,M,265,1,265,2022,9,9,Friday
174,2022-09-09 08:25:00,799,Dark Blue,L,265,1,265,2022,9,9,Friday
175,2022-09-09 09:47:00,799,Dark Blue,XL,265,1,265,2022,9,9,Friday
